tempo,largura
0.0,2.16409
0.008,2.18213
0.016,2.20018
0.024,2.18213
0.032,2.20018
0.04,2.20018
0.048,2.16409
0.056,2.20018
0.064,2.16409
0.072,2.18213
0.08,2.14605
0.088,2.14605
0.096,2.18213
0.104,2.18213
0.112,2.14605
0.12,2.21822
0.128,2.21822
0.136,2.18213
0.144,2.18213
0.152,2.18213
0.16,2.16409
0.168,2.21822
0.176,2.18213
0.184,2.18213
0.192,2.16409
0.2,2.18213
0.208,2.14605
0.216,2.23626
0.224,2.20018
0.232,2.18213
0.24,2.16409
0.248,2.16409
0.256,2.14605
0.264,2.18213
0.272,2.16409
0.28,2.14605
0.288,2.20018
0.296,3.60691
0.304,3.1201
0.312,2.70529
0.32,2.39863
0.328,2.30843
0.336,2.29039
0.344,2.2543
0.352,2.23626
0.36,2.21822
0.368,2.20018
0.376,2.23626
0.384,2.23626
0.392,2.21822
0.4,2.18213
0.408,2.18213
0.416,1.1354
0.424,1.1715
0.432,1.18955
0.44,1.15345
0.448,1.1354
0.456,1.11734
0.464,1.11734
0.472,1.11734
0.48,1.06319
0.488,1.1715
0.496,1.11734
0.504,1.15345
0.512,1.1354
0.52,1.15345
0.528,1.08124
0.536,1.1354
0.544,1.1715
0.552,1.15345
0.56,1.11734
0.568,1.11734
0.576,1.09929
0.584,1.15345
0.592,1.08124
0.6,1.11734
0.608,1.08124
0.616,1.1715
0.624,1.1354
0.632,1.11734
0.64,1.1354
0.648,1.15345
0.656,1.09929
0.664,1.11734
0.672,1.11734
0.68,1.11734
0.688,1.09929
0.696,1.1354
0.704,1.1354
0.712,1.08124
0.72,1.09929
0.728,1.11734
0.736,1.1354
0.744,1.11734
0.752,1.15345
0.76,1.18955
0.768,1.5325
0.776,1.3881
0.784,1.29785
0.792,1.33395
0.8,1.26175
0.808,1.352
0.816,2.32647
0.824,3.44466
0.832,3.37254
0.84,3.42663
0.848,4.43594
0.856,4.47197
0.864,4.48999
0.872,5.49853
0.88,6.52423
0.888,6.59618
0.896,6.66812
0.904,7.62087
0.912,7.71071
0.92,8.71633
0.928,8.66248
0.936,8.59068
0.944,8.62658
0.952,8.64453
0.96,8.60863
0.968,9.66706
0.976,9.73878
0.984,9.77463
0.992,9.79255
1.0,9.70292
1.008,9.61328
1.016,10.6167
1.024,10.7063
1.032,10.6705
1.04,10.7063
1.048,10.6884
1.056,10.6884
1.064,10.6884
1.072,10.6884
1.08,10.6705
1.088,10.7242
1.096,10.7063
1.104,10.6884
1.112,10.6884
1.12,10.6705
1.128,10.6884
1.136,10.6884
1.144,10.6526
1.152,10.6526
1.16,10.6526
1.168,10.6526
1.176,10.6705
1.184,10.6884
1.192,10.6705
1.2,10.7242
1.208,10.6526
1.216,10.6705
1.224,10.6526
1.232,10.7063
1.24,10.6705
1.248,10.6347
1.256,10.7063
1.264,10.7063
1.272,10.6526
1.28,10.7063
1.288,10.6526
1.296,10.6705
1.304,10.6526
1.312,10.6347
1.32,10.6884
1.328,10.7958
1.336,12.0123
1.344,11.9051
1.352,11.8872
1.36,11.9587
1.368,12.9234
1.376,14.0115
1.384,13.9937
1.392,14.0472
1.4,15.0445
1.408,15.0623
1.416,15.0978
1.424,16.1112
1.432,16.3775
1.44,17.105
1.448,17.2291
1.456,17.9908
1.464,18.1147
1.472,18.0616
1.48,18.0439
1.488,19.1224
1.496,19.1224
1.504,19.1048
1.512,19.1754
1.52,19.1577
1.528,20.2339
1.536,20.181
1.544,20.1457
1.552,21.1844
1.56,21.0965
1.568,21.1141
1.576,21.1669
1.584,21.1141
1.592,21.1317
1.6,21.1317
1.608,21.1317
1.616,21.1141
1.624,21.1669
1.632,21.1493
1.64,21.1317
1.648,21.1317
1.656,21.1141
1.664,21.1669
1.672,21.1317
1.68,21.1669
1.688,21.1669
1.696,21.1493
1.704,21.1669
1.712,21.1317
1.72,21.1493
1.728,21.1493
1.736,21.1317
1.744,21.1493
1.752,21.1317
1.76,21.202
1.768,21.1669
1.776,21.1317
1.784,21.1669
1.792,21.1317
1.8,21.1669
1.808,21.1493
1.816,21.1844
1.824,21.1141
1.832,21.1493
1.84,21.1493
1.848,21.1844
1.856,21.1317
1.864,21.1844
1.872,21.6063
1.88,21.3427
1.888,22.3786
1.896,22.3962
1.904,22.326
1.912,23.4121
1.92,23.3421
1.928,24.4255
1.936,24.3557
1.944,24.3731
1.952,25.4189
1.96,25.9059
1.968,26.4791
1.976,26.427
1.984,27.4151
1.992,27.5189
2.0,27.5362
2.008,28.3486
2.016,28.5557
2.024,29.5032
2.032,29.5893
2.04,29.6752
2.048,30.551
2.056,31.5268
2.064,31.5952
2.072,31.4926
2.08,32.6188
2.088,32.4996
2.096,32.6018
2.104,33.5879
2.112,34.6721
2.12,34.5706
2.128,34.5875
2.136,35.6003
2.144,35.6172
2.152,36.6093
2.16,36.6093
2.168,36.5925
2.176,37.5809
2.184,37.5474
2.192,37.5474
2.2,38.3987
2.208,38.4487
2.216,38.4487
2.224,38.4653
2.232,39.3964
2.24,39.4296
2.248,39.4959
2.256,39.4627
2.264,40.4559
2.272,40.4394
2.28,40.3402
2.288,41.3296
2.296,41.3131
2.304,41.2967
2.312,41.3296
2.32,41.3296
2.328,41.346
2.336,41.3131
2.344,41.3296
2.352,41.2802
2.36,41.3131
2.368,41.3296
2.376,41.3296
2.384,41.3296
2.392,41.346
2.4,41.2967
2.408,41.3625
2.416,41.2638
2.424,41.3131
2.432,41.2967
2.44,41.2967
2.448,41.3296
2.456,41.3296
2.464,41.2802
2.472,41.3131
2.48,41.346
2.488,41.3296
2.496,41.2802
2.504,41.3296
2.512,41.3131
2.52,41.3296
2.528,41.2802
2.536,41.3296
2.544,41.3296
2.552,41.2967
2.56,41.3296
2.568,41.3625
2.576,41.2967
2.584,41.346
2.592,41.2802
2.6,41.3625
2.608,41.6912
2.616,41.9539
2.624,41.5762
2.632,42.4945
2.64,42.4291
2.648,42.5273
2.656,43.4089
2.664,44.4652
2.672,44.3517
2.68,44.449
2.688,45.3546
2.696,46.2722
2.704,46.2722
2.712,46.3364
2.72,47.1533
2.728,47.2651
2.736,47.2332
2.744,48.1892
2.752,48.1733
2.76,49.1717
2.768,49.0927
2.776,49.1401
2.784,50.0073
2.792,50.9951
2.8,50.9482
2.808,51.042
2.816,51.8838
2.824,51.9304
2.832,52.7984
2.84,52.8448
2.848,53.2768
2.856,53.7077
2.864,53.7384
2.872,54.5963
2.88,54.6726
2.888,55.5099
2.896,55.6161
2.904,56.3573
2.912,56.4478
2.92,57.2746
2.928,57.3495
2.936,57.2896
2.944,58.2304
2.952,58.1857
2.96,58.7205
2.968,59.061
2.976,59.9304
2.984,59.945
2.992,59.945
3.0,60.8666
3.008,60.7499
3.016,61.7088
3.024,61.6654
3.032,61.7377
3.04,62.4732
3.048,62.5881
3.056,62.5019
3.064,63.4322
3.072,64.185
3.08,64.27
3.088,64.1426
3.096,65.1013
3.104,65.5494
3.112,65.9678
3.12,65.8007
3.128,66.7167
3.136,66.6476
3.144,66.7167
3.152,67.4462
3.16,68.2111
3.168,68.3063
3.176,68.3199
3.184,69.0778
3.192,69.1452
3.2,69.923
3.208,69.9097
3.216,69.9631
3.224,70.7074
3.232,70.7471
3.24,70.6809
3.248,71.4978
3.256,72.0989
3.264,72.2809
3.272,72.203
3.28,73.0051
3.288,72.9794
3.296,73.812
3.304,73.7355
3.312,73.812
3.32,74.5474
3.328,74.6357
3.336,74.5348
3.344,75.3507
3.352,76.0463
3.36,76.1328
3.368,76.071
3.376,76.8574
3.384,77.4656
3.392,77.5503
3.4,77.4656
3.408,78.3077
3.416,78.7603
3.424,78.9617
3.432,78.8196
3.44,78.8196
3.448,78.7721
3.456,79.5269
3.464,79.5152
3.472,79.5152
3.48,79.5387
3.488,79.5504
3.496,79.5621
3.504,80.2146
3.512,80.1798
3.52,81.0315
3.528,80.8255
3.536,80.8484
3.544,80.837
3.552,80.8484
3.56,80.8255
3.568,80.8255
3.576,80.8484
3.584,80.8484
3.592,80.8026
3.6,80.814
3.608,80.8255
3.616,80.8255
3.624,80.837
3.632,80.837
3.64,80.8255
3.648,80.837
3.656,80.8255
3.664,80.837
3.672,80.837
3.68,80.837
3.688,80.837
3.696,80.814
3.704,80.837
3.712,80.8255
3.72,80.8484
3.728,80.8255
3.736,80.7911
3.744,80.8255
3.752,80.8599
3.76,80.8255
3.768,80.8484
3.776,80.837
3.784,80.837
3.792,80.8026
3.8,80.8255
3.808,80.814
3.816,80.814
3.824,80.8255
3.832,80.8828
3.84,81.0886
3.848,81.4073
3.856,81.0886
3.864,81.6564
3.872,81.679
3.88,82.3301
3.888,82.3301
3.896,82.3301
3.904,82.9844
3.912,82.9734
3.92,83.0285
3.928,83.5978
3.936,84.2791
3.944,84.2361
3.952,84.322
3.96,84.8872
3.968,85.5712
3.976,85.4876
3.984,85.5399
3.992,86.0904
4.0,86.1935
4.008,86.1317
4.016,86.7867
4.024,87.2815
4.032,87.4117
4.04,87.2915
4.048,87.9384
4.056,87.8989
4.064,88.5457
4.072,88.4776
4.08,88.5554
4.088,89.0572
4.096,89.1051
4.104,89.0572
4.112,89.722
4.12,89.6937
4.128,90.2911
4.136,90.1892
4.144,90.5584
4.152,90.6958
4.16,91.3472
4.168,91.2665
4.176,91.3472
4.184,91.8005
4.192,91.8446
4.2,91.7917
4.208,92.3859
4.216,92.8151
4.224,92.8831
4.232,92.8406
4.24,93.3882
4.248,93.7691
4.256,93.8675
4.264,93.7937
4.272,94.3459
4.28,94.2977
4.288,94.3459
4.296,94.752
4.304,94.815
4.312,95.2285
4.32,95.2749
4.328,95.2053
4.336,95.7178
4.344,95.9732
4.352,96.1664
4.36,96.1368
4.368,96.4528
4.376,96.5691
4.384,96.9991
4.392,96.992
4.4,97.0203
4.408,97.4122
4.416,97.4399
4.424,97.3637
4.432,97.8698
4.44,98.1901
4.448,98.2362
4.456,98.1901
4.464,98.6136
4.472,98.9251
4.48,98.9753
4.488,98.9376
4.496,99.3402
4.504,99.3096
4.512,99.3463
4.52,99.6775
4.528,99.6953
4.536,100.23
4.544,100.213
4.552,99.9655
4.56,99.9538
4.568,99.9713
4.576,99.9713
4.584,99.9713
4.592,100.315
4.6,100.609
4.608,100.609
4.616,100.609
4.624,100.598
4.632,100.587
4.64,100.593
4.648,100.604
4.656,100.598
4.664,100.598
4.672,100.593
4.68,100.604
4.688,100.609
4.696,100.609
4.704,100.604
4.712,100.604
4.72,100.598
4.728,100.598
4.736,100.598
4.744,100.593
4.752,100.604
4.76,100.615
4.768,100.604
4.776,100.587
4.784,100.598
4.792,100.598
4.8,100.593
4.808,100.609
4.816,100.604
4.824,100.62
4.832,100.593
4.84,100.604
4.848,100.604
4.856,100.598
4.864,100.598
4.872,100.598
4.88,100.593
4.888,100.587
4.896,100.587
4.904,100.598
4.912,100.609
4.92,100.593
4.928,100.593
4.936,100.642
4.944,100.718
4.952,100.664
4.96,100.697
4.968,100.713
4.976,100.376
4.984,100.127
4.992,100.012
5.0,100.058
5.008,99.6656
5.016,99.395
5.024,99.2974
5.032,99.3524
5.04,98.9314
5.048,98.9941
5.056,98.9502
5.064,98.6071
5.072,98.2231
5.08,98.2099
5.088,98.2362
5.096,97.8091
5.104,97.8631
5.112,97.3845
5.12,97.4675
5.128,97.1893
5.136,97.0132
5.144,96.992
5.152,96.5981
5.16,96.5691
5.168,96.159
5.176,96.1368
5.184,95.7178
5.192,95.6572
5.2,95.2671
5.208,95.1976
5.216,94.8072
5.224,94.7283
5.232,94.3298
5.24,94.2655
5.248,93.8757
5.256,93.7855
5.264,93.8429
5.272,93.3047
5.28,92.8831
5.288,92.8065
5.296,92.8831
5.304,92.3079
5.312,92.3599
5.32,91.7917
5.328,91.871
5.336,91.8094
5.344,91.3024
5.352,91.2844
5.36,90.869
5.368,90.7506
5.376,90.2448
5.384,90.1985
5.392,90.1985
5.4,89.6749
5.408,89.0668
5.416,89.0668
5.424,88.5846
5.432,88.5166
5.44,88.5166
5.448,87.9384
5.456,87.3717
5.464,87.3216
5.472,87.3015
5.48,86.7867
5.488,86.1729
5.496,86.1832
5.504,86.1007
5.512,85.5712
5.52,85.5085
5.528,85.5608
5.536,84.8978
5.544,84.9508
5.552,84.2253
5.56,84.3542
5.568,83.7934
5.576,83.6849
5.584,82.9624
5.592,83.0505
5.6,82.5417
5.608,82.3747
5.616,82.2743
5.624,81.7242
5.632,81.043
5.64,81.0544
5.648,80.9515
5.656,80.3881
5.664,79.6089
5.672,79.6674
5.68,79.5972
5.688,78.9144
5.696,78.9854
5.704,78.938
5.712,78.2599
5.72,77.5503
5.728,77.5503
5.736,77.514
5.744,76.7841
5.752,76.1081
5.76,76.1081
5.768,76.0463
5.776,75.4006
5.784,75.3382
5.792,74.6231
5.8,74.5348
5.808,73.9266
5.816,73.7228
5.824,73.812
5.832,72.9922
5.84,72.3978
5.848,72.229
5.856,72.2549
5.864,71.4454
5.872,70.8
5.88,70.6412
5.888,70.7603
5.896,69.8963
5.904,69.9364
5.912,69.2663
5.92,69.1856
5.928,68.2927
5.936,68.3742
5.944,68.2927
5.952,67.5421
5.96,66.7028
5.968,66.7443
5.976,66.7581
5.984,65.8704
5.992,65.9122
6.0,65.8564
6.008,65.0732
6.016,64.185
6.024,64.2275
6.032,64.1567
6.04,63.4179
6.048,62.6455
6.056,62.6168
6.064,62.5019
6.072,61.7522
6.08,61.6654
6.088,61.7522
6.096,60.7353
6.104,59.9891
6.112,59.901
6.12,59.5038
6.128,59.0462
6.136,58.2602
6.144,58.156
6.152,57.9175
6.16,57.3495
6.168,57.3346
6.176,56.5383
6.184,56.4026
6.192,55.6009
6.2,55.5099
6.208,55.6009
6.216,54.6421
6.224,53.8152
6.232,53.7231
6.24,53.7691
6.248,52.8602
6.256,52.8602
6.264,52.396
6.272,51.8993
6.28,51.0264
6.288,50.9951
6.296,50.3215
6.304,50.0702
6.312,49.1559
6.32,49.1559
6.328,48.2051
6.336,47.3929
6.344,47.2971
6.352,47.2651
6.36,46.4006
6.368,46.3203
6.376,46.4006
6.384,45.3385
6.392,44.4976
6.4,44.3679
6.408,44.4328
6.416,43.4089
6.424,42.9196
6.432,42.4291
6.44,42.5273
6.448,41.5105
6.456,41.5926
6.464,41.494
6.472,40.588
6.48,40.2245
6.488,39.5954
6.496,39.5622
6.504,38.5986
6.512,37.748
6.52,37.5976
6.528,37.6143
6.536,36.6429
6.544,36.6596
6.552,36.5925
6.56,35.634
6.568,34.6044
6.576,34.689
6.584,34.2829
6.592,33.6727
6.6,32.4996
6.608,32.6018
6.616,32.5336
6.624,31.6635
6.632,31.5268
6.64,31.5781
6.648,30.5167
6.656,29.5721
6.664,29.5205
6.672,29.5377
6.68,28.5039
6.688,27.5189
6.696,27.5362
6.704,27.4843
6.712,26.5485
6.72,26.4444
6.728,26.5311
6.736,25.384
6.744,24.4778
6.752,24.3382
6.76,24.4604
6.768,23.3596
6.776,22.3435
6.784,22.3962
6.792,21.536
6.8,21.3427
6.808,21.2899
6.816,20.3043
6.824,20.1281
6.832,19.2637
6.84,19.1754
6.848,18.2208
6.856,18.2032
6.864,17.2468
6.872,17.0872
6.88,17.1582
6.888,16.1112
6.896,15.0623
6.904,15.0267
6.912,15.1156
6.92,14.0472
6.928,13.9759
6.936,14.0294
6.944,12.9591
6.952,11.9587
6.96,11.8872
6.968,11.9408
6.976,10.7779
6.984,9.84633
6.992,9.72085
7.0,9.79255
7.008,8.71633
7.016,8.73427
7.024,7.69274
7.032,7.65681
7.04,6.66812
7.048,6.59618
7.056,5.71454
7.064,5.53453
7.072,4.56205
7.08,4.45396
7.088,4.47197
7.096,3.35451
7.104,3.28239
7.112,3.28239
7.12,3.30042
7.128,3.30042
7.136,3.30042
7.144,2.34451
7.152,2.29039
7.16,1.2798
7.168,1.1715
7.176,1.1354
7.184,1.1715
7.192,1.2437
7.2,1.1354
7.208,1.08124
7.216,1.11734
7.224,1.11734
7.232,1.09929
7.24,1.11734
7.248,1.08124
7.256,1.18955
7.264,1.11734
7.272,1.09929
7.28,1.15345
7.288,1.1354
7.296,1.11734
7.304,1.1354
7.312,1.15345
7.32,1.1715
7.328,1.11734
7.336,1.09929
7.344,1.1354
7.352,1.11734
7.36,1.11734
7.368,1.1715
7.376,1.11734
7.384,1.11734
7.392,1.08124
7.4,1.09929
7.408,1.15345
7.416,1.09929
7.424,1.1715
7.432,1.11734
7.44,1.08124
7.448,1.09929
7.456,1.11734
7.464,1.09929
7.472,1.11734
7.48,1.11734
7.488,1.1354
7.496,1.11734
7.504,1.1715
7.512,1.2437
7.52,1.56859
7.528,1.31591
7.536,1.33395
7.544,1.31591
7.552,1.26175
7.56,1.44225
7.568,2.30843
7.576,3.46269
7.584,3.44466
7.592,3.46269
7.6,4.43594
7.608,4.47197
7.616,5.03037
7.624,5.55254
7.632,6.63215
7.64,6.61416
7.648,6.6861
7.656,7.63884
7.664,8.69838
7.672,8.60863
7.68,8.59068
7.688,8.51888
7.696,8.64453
7.704,8.62658
7.712,8.59068
7.72,9.73878
7.728,9.7567
7.736,9.7567
7.744,9.70292
7.752,9.64913
7.76,9.6312
7.768,10.7063
7.776,10.6705
7.784,10.7063
7.792,10.6705
7.8,10.6884
7.808,10.7063
7.816,10.6526
7.824,10.6705
7.832,10.7063
7.84,10.6526
7.848,10.6526
7.856,10.6705
7.864,10.6884
7.872,10.6884
7.88,10.7063
7.888,10.6884
7.896,10.6167
7.904,10.6705
7.912,10.6526
7.92,10.6884
7.928,10.6347
7.936,10.6884
7.944,10.7063
7.952,10.7242
7.96,10.6884
7.968,10.6705
7.976,10.6884
7.984,10.7063
7.992,10.6884
8.0,10.6705
8.008,10.6347
8.016,10.6884
8.024,10.6705
8.032,10.6705
8.04,10.6526
8.048,10.6884
8.056,10.6705
8.064,10.6884
8.072,10.6347
8.08,10.8137
8.088,12.0481
8.096,11.9587
8.104,12.0123
8.112,11.923
8.12,13.0127
8.128,13.9937
8.136,14.0294
8.144,14.0115
8.152,15.0801
8.16,15.0445
8.168,15.0978
8.176,16.0934
8.184,17.0695
8.192,17.105
8.2,17.1936
8.208,18.1678
8.216,18.1501
8.224,18.0085
8.232,18.0439
8.24,19.2107
8.248,19.1401
8.256,19.1577
8.264,19.1931
8.272,20.181
8.28,20.2515
8.288,20.1457
8.296,20.1281
8.304,21.1844
8.312,21.1669
8.32,21.1844
8.328,21.1493
8.336,21.1669
8.344,21.1493
8.352,21.1317
8.36,21.1669
8.368,21.1317
8.376,21.1141
8.384,21.1669
8.392,21.1493
8.4,21.1493
8.408,21.0965
8.416,21.1317
8.424,21.1669
8.432,21.1493
8.44,21.1141
8.448,21.1317
8.456,21.1493
8.464,21.1317
8.472,21.1317
8.48,21.1493
8.488,21.1493
8.496,21.1317
8.504,21.1141
8.512,21.1669
8.52,21.1493
8.528,21.0965
8.536,21.1317
8.544,21.1141
8.552,21.1669
8.56,21.1317
8.568,21.1669
8.576,21.1141
8.584,21.1669
8.592,21.1141
8.6,21.1141
8.608,21.1669
8.616,21.2548
8.624,21.413
8.632,21.3427
8.64,22.4137
8.648,22.3786
8.656,22.3085
8.664,23.3596
8.672,23.4121
8.68,24.4255
8.688,24.408
8.696,24.3731
8.704,25.5581
8.712,26.2013
8.72,26.4964
8.728,26.427
8.736,27.4843
8.744,27.5016
8.752,27.5362
8.76,28.4694
8.768,28.5557
8.776,29.5205
8.784,29.5377
8.792,29.9159
8.8,30.6024
8.808,31.5439
8.816,31.561
8.824,31.5781
8.832,32.5166
8.84,32.5677
8.848,33.0953
8.856,33.6727
8.864,34.5875
8.872,34.7059
8.88,34.5706
8.888,35.6846
8.896,36.3238
8.904,36.6932
8.912,36.5422
8.92,36.7268
8.928,37.5809
8.936,37.6477
8.944,37.8148
8.952,38.4154
8.96,38.3987
8.968,38.4487
8.976,38.4653
8.984,39.3964
8.992,39.4793
9.0,39.4627
9.008,39.4959
9.016,40.3898
9.024,40.4063
9.032,42.1015
9.04,41.346
9.048,41.2967
9.056,41.346
9.064,41.2967
9.072,41.3296
9.08,41.2308
9.088,41.2802
9.096,41.2802
9.104,41.2967
9.112,41.3131
9.12,41.346
9.128,41.3296
9.136,41.3131
9.144,41.2967
9.152,41.3296
9.16,41.3131
9.168,41.3131
9.176,41.3131
9.184,41.2802
9.192,41.3296
9.2,41.2802
9.208,41.3296
9.216,41.3296
9.224,41.3131
9.232,41.3296
9.24,41.3296
9.248,41.3131
9.256,41.3131
9.264,41.346
9.272,41.2802
9.28,41.3296
9.288,41.3131
9.296,41.3131
9.304,41.3131
9.312,41.3131
9.32,41.346
9.328,41.2802
9.336,41.3625
9.344,41.3625
9.352,41.5598
9.36,41.494
9.368,41.6091
9.376,42.4618
9.384,42.5273
9.392,42.4454
9.4,43.5067
9.408,44.2219
9.416,44.4652
9.424,44.3842
9.432,45.3708
9.44,45.3062
9.448,46.3524
9.456,46.2722
9.464,46.5129
9.472,47.2172
9.48,47.329
9.488,47.4567
9.496,48.2686
9.504,49.0611
9.512,49.1243
9.52,49.1085
9.528,50.0702
9.536,50.0859
9.544,51.042
9.552,50.9482
9.56,51.5413
9.568,51.8682
9.576,52.7984
9.584,52.8602
9.592,52.8602
9.6,53.7999
9.608,53.7077
9.616,54.3364
9.624,54.6421
9.632,55.5857
9.64,55.4795
9.648,55.6313
9.656,56.4026
9.664,57.3346
9.672,57.2746
9.68,57.3795
9.688,58.1411
9.696,58.2155
9.704,58.2304
9.712,59.0758
9.72,59.901
9.728,59.9891
9.736,59.9891
9.744,60.6916
9.752,60.9394
9.76,61.6509
9.768,61.7377
9.776,61.6509
9.784,62.5737
9.792,62.43
9.8,62.5737
9.808,63.3181
9.816,64.185
9.824,64.185
9.832,64.2417
9.84,64.9889
9.848,65.0451
9.856,65.8425
9.864,65.9261
9.872,66.5369
9.88,66.7305
9.888,66.7028
9.896,67.5421
9.904,67.8977
9.912,68.3335
9.92,68.4014
9.928,68.8349
9.936,69.1856
9.944,69.8696
9.952,69.9631
9.96,69.8963
9.968,70.7603
9.976,70.628
9.984,70.7471
9.992,71.4191
10.0,71.5241
10.008,72.1769
10.016,72.2939
10.024,72.3848
10.032,73.0695
10.04,73.6845
10.048,73.7992
10.056,73.7228
10.064,74.5979
10.072,74.497
10.08,74.6231
10.088,75.2758
10.096,76.0587
10.104,76.0463
10.112,76.1081
10.12,76.7718
10.128,77.4656
10.136,77.4656
10.144,77.5382
10.152,78.1641
10.16,78.2359
10.168,78.9144
10.176,79.1978
10.184,79.2214
10.192,79.2332
10.2,78.8314
10.208,79.5152
10.216,79.5269
10.224,79.5387
10.232,79.5387
10.24,79.5621
10.248,80.2146
10.256,80.1914
10.264,80.2146
10.272,80.8599
10.28,80.8484
10.288,80.837
10.296,80.8255
10.304,80.8255
10.312,80.8484
10.32,80.8484
10.328,80.8484
10.336,80.8255
10.344,80.8255
10.352,80.8255
10.36,80.8484
10.368,80.814
10.376,80.8484
10.384,80.837
10.392,80.8714
10.4,80.8484
10.408,80.8484
10.416,80.837
10.424,80.837
10.432,80.837
10.44,80.837
10.448,80.837
10.456,80.8026
10.464,80.8484
10.472,80.837
10.48,80.8026
10.488,80.8255
10.496,80.837
10.504,80.837
10.512,80.8255
10.52,80.837
10.528,80.837
10.536,80.814
10.544,80.8255
10.552,80.814
10.56,80.837
10.568,80.837
10.576,80.837
10.584,80.8828
10.592,81.1
10.6,80.9858
10.608,80.9972
10.616,81.7129
10.624,82.1849
10.632,82.4082
10.64,82.2855
10.648,82.7746
10.656,82.9403
10.664,83.0175
10.672,83.5652
10.68,83.6631
10.688,84.2468
10.696,84.2898
10.704,84.397
10.712,84.8872
10.72,85.4562
10.728,85.5503
10.736,85.4562
10.744,86.142
10.752,86.1111
10.76,86.358
10.768,86.7359
10.776,87.3617
10.784,87.2915
10.792,87.3817
10.8,87.889
10.808,88.3606
10.816,88.4582
10.824,88.5263
10.832,88.6331
10.84,89.0476
10.848,89.0381
10.856,89.0956
10.864,89.6372
10.872,90.217
10.88,90.217
10.888,90.217
10.896,90.7506
10.904,90.9688
10.912,91.2844
10.92,91.2934
10.928,91.721
10.936,91.8094
10.944,91.8094
10.952,92.3512
10.96,92.5325
10.968,92.8661
10.976,92.8406
10.984,93.288
10.992,93.2963
11.0,93.8265
11.008,93.8183
11.016,93.8511
11.024,94.2816
11.032,94.3057
11.04,94.2816
11.048,94.7835
11.056,95.1743
11.064,95.2594
11.072,95.2208
11.08,95.5965
11.088,95.6724
11.096,96.1738
11.104,96.0998
11.112,96.159
11.12,96.5256
11.128,96.9352
11.136,96.9423
11.144,97.0132
11.152,97.3359
11.16,97.4122
11.168,97.4261
11.176,97.8023
11.184,97.8293
11.192,98.1901
11.2,98.2296
11.208,98.5104
11.216,98.6585
11.224,98.9502
11.232,99.0003
11.24,98.9439
11.248,99.3585
11.256,99.2974
11.264,99.3706
11.272,99.6597
11.28,99.9538
11.288,99.9364
11.296,99.9538
11.304,99.9771
11.312,99.948
11.32,99.9655
11.328,99.9713
11.336,100.315
11.344,100.315
11.352,100.62
11.36,100.604
11.368,100.609
11.376,100.609
11.384,100.615
11.392,100.604
11.4,100.593
11.408,100.593
11.416,100.598
11.424,100.615
11.432,100.604
11.44,100.598
11.448,100.604
11.456,100.593
11.464,100.604
11.472,100.609
11.48,100.593
11.488,100.604
11.496,100.593
11.504,100.598
11.512,100.587
11.52,100.598
11.528,100.593
11.536,100.604
11.544,100.604
11.552,100.609
11.56,100.593
11.568,100.593
11.576,100.598
11.584,100.587
11.592,100.604
11.6,100.604
11.608,100.615
11.616,100.593
11.624,100.609
11.632,100.604
11.64,100.593
11.648,100.615
11.656,100.593
11.664,100.609
11.672,100.593
11.68,100.648
11.688,100.762
11.696,100.675
11.704,100.669
11.712,100.686
11.72,100.36
11.728,100.087
11.736,100.018
11.744,100.07
11.752,99.6716
11.76,99.3767
11.768,99.3035
11.776,99.3646
11.784,98.9627
11.792,99.0003
11.8,98.9439
11.808,98.6007
11.816,98.1901
11.824,98.2231
11.832,98.2033
11.84,97.8091
11.848,97.8429
11.856,97.3776
11.864,97.4537
11.872,97.1191
11.88,97.0132
11.888,96.9636
11.896,96.5836
11.904,96.5401
11.912,96.1738
11.92,96.122
11.928,95.7555
11.936,95.298
11.944,95.2517
11.952,95.1976
11.96,94.815
11.968,94.37
11.976,94.3459
11.984,94.2735
11.992,93.8429
12.0,93.7937
12.008,93.8675
12.016,93.3214
12.024,92.8661
12.032,92.8321
12.04,92.8746
12.048,92.3079
12.056,92.3166
12.064,91.8182
12.072,91.8446
12.08,91.4991
12.088,91.3203
12.096,91.2844
12.104,90.7597
12.112,90.7506
12.12,90.217
12.128,90.2263
12.136,89.6937
12.144,89.6843
12.152,89.0572
12.16,89.1434
12.168,88.4874
12.176,88.5652
12.184,88.4776
12.192,87.9878
12.2,87.3015
12.208,87.3817
12.216,87.3115
12.224,86.7969
12.232,86.0904
12.24,86.2347
12.248,86.1317
12.256,85.5921
12.264,85.4457
12.272,85.5608
12.28,84.866
12.288,84.3005
12.296,84.2683
12.304,84.3327
12.312,83.6087
12.32,83.1714
12.328,82.9734
12.336,82.9844
12.344,82.3078
12.352,82.3301
12.36,82.3636
12.368,81.679
12.376,81.0315
12.384,80.9858
12.392,81.0544
12.4,80.2609
12.408,79.6557
12.416,79.5738
12.424,79.5855
12.432,78.9025
12.44,78.9499
12.448,78.212
12.456,78.2599
12.464,77.4656
12.472,77.5382
12.48,77.4413
12.488,76.7963
12.496,76.0339
12.504,76.0834
12.512,76.071
12.52,75.3257
12.528,74.5474
12.536,74.5601
12.544,74.5853
12.552,73.7865
12.56,73.8502
12.568,73.7483
12.576,73.0823
12.584,72.229
12.592,72.3459
12.6,72.229
12.608,71.5765
12.616,70.6677
12.624,70.7736
12.632,70.0698
12.64,69.9497
12.648,69.8696
12.656,69.1586
12.664,68.4828
12.672,68.3607
12.68,68.3063
12.688,67.5695
12.696,67.5558
12.704,66.6752
12.712,66.7995
12.72,66.6752
12.728,65.9122
12.736,65.8982
12.744,65.2836
12.752,65.003
12.76,64.27
12.768,64.1709
12.776,64.2841
12.784,63.3324
12.792,62.5594
12.8,62.4875
12.808,62.5306
12.816,61.6654
12.824,61.6943
12.832,60.8083
12.84,60.0624
12.848,59.945
12.856,59.9597
12.864,59.1054
12.872,58.2006
12.88,58.2602
12.888,58.1709
12.896,57.3945
12.904,57.2596
12.912,57.3795
12.92,56.3875
12.928,55.5706
12.936,55.4795
12.944,55.5706
12.952,54.6268
12.96,54.5352
12.968,53.7999
12.976,53.7231
12.984,52.9683
12.992,52.752
13.0,52.8757
13.008,51.8682
13.016,51.0732
13.024,50.9482
13.032,51.0576
13.04,50.0859
13.048,49.2507
13.056,49.0769
13.064,49.1876
13.072,48.1892
13.08,47.2971
13.088,47.2492
13.096,46.7693
13.104,46.3203
13.112,46.3685
13.12,45.3708
13.128,45.403
13.136,44.4652
13.144,44.3842
13.152,43.6043
13.16,43.4252
13.168,42.5927
13.176,42.4454
13.184,42.5273
13.192,41.494
13.2,41.5926
13.208,41.0497
13.216,40.6045
13.224,39.5291
13.232,39.6286
13.24,39.4793
13.248,38.6152
13.256,37.5809
13.264,37.5976
13.272,36.7938
13.28,36.5925
13.288,36.6596
13.296,35.5835
13.304,34.689
13.312,34.6382
13.32,34.7059
13.328,33.6049
13.336,32.6188
13.344,32.4996
13.352,32.6528
13.36,31.4926
13.368,31.6123
13.376,31.5097
13.384,30.6195
13.392,29.5721
13.4,29.5549
13.408,29.5377
13.416,28.5557
13.424,28.5212
13.432,27.4843
13.44,27.5708
13.448,26.6699
13.456,26.4964
13.464,26.4097
13.472,25.5059
13.48,24.4778
13.488,24.4604
13.496,24.3906
13.504,23.4121
13.512,22.326
13.52,22.3962
13.528,22.3962
13.536,21.3251
13.544,21.3603
13.552,20.4453
13.56,20.3396
13.568,19.2284
13.576,19.352
13.584,19.2107
13.592,18.2385
13.6,17.1582
13.608,17.1936
13.616,17.1404
13.624,16.1467
13.632,15.3113
13.64,15.0623
13.648,15.0801
13.656,14.1185
13.664,14.0115
13.672,13.9759
13.68,13.0127
13.688,12.1196
13.696,11.9945
13.704,11.8693
13.712,10.9211
13.72,9.79255
13.728,9.84633
13.736,9.7567
13.744,8.77017
13.752,8.64453
13.76,7.98018
13.768,7.65681
13.776,6.54222
13.784,6.61416
13.792,6.07447
13.8,5.58854
13.808,4.47197
13.816,4.52602
13.824,4.43594
13.832,3.44466
13.84,3.33648
13.848,3.26435
13.856,3.35451
13.864,3.33648
13.872,3.35451
13.88,3.1201
13.888,2.29039
13.896,2.27234
13.904,1.2798
13.912,1.15345
13.92,1.15345
13.928,1.09929
13.936,1.1715
13.944,1.11734
13.952,1.1354
13.96,1.1354
13.968,1.15345
13.976,1.11734
13.984,1.15345
13.992,1.09929
14.0,1.11734
14.008,1.08124
14.016,1.1715
14.024,1.09929
14.032,1.11734
14.04,1.18955
14.048,1.1715
14.056,1.15345
14.064,1.08124
14.072,1.09929
14.08,1.1354
14.088,1.11734
14.096,1.04514
14.104,1.06319
14.112,1.08124
14.12,1.09929
14.128,1.06319
14.136,1.11734
14.144,1.11734
14.152,1.11734
14.16,1.1354
14.168,1.1354
14.176,1.09929
14.184,1.09929
14.192,1.15345
14.2,1.09929
14.208,1.09929
14.216,1.11734
14.224,1.15345
14.232,1.1715
14.24,1.2076
14.248,1.4242
14.256,1.29785
14.264,1.29785
14.272,1.31591
14.28,1.33395
14.288,1.26175
14.296,2.38059
14.304,3.39057
14.312,3.48071
14.32,3.35451
14.328,4.48999
14.336,4.41792
14.344,4.45396
14.352,5.57054
14.36,6.61416
14.368,6.61416
14.376,6.56021
14.384,7.65681
14.392,8.41116
14.4,8.75222
14.408,9.03933
14.416,8.9855
14.424,8.60863
14.432,8.66248
14.44,8.64453
14.448,9.72085
14.456,9.72085
14.464,9.73878
14.472,9.77463
14.48,9.68499
14.488,9.64913
14.496,10.7242
14.504,10.6705
14.512,10.6884
14.52,10.6884
14.528,10.6705
14.536,10.7421
14.544,10.6705
14.552,10.6526
14.56,10.6705
14.568,10.6347
14.576,10.6884
14.584,10.7242
14.592,10.6884
14.6,10.7242
14.608,10.6884
14.616,10.6884
14.624,10.6705
14.632,10.6705
14.64,10.7421
14.648,10.6884
14.656,10.6884
14.664,10.7421
14.672,10.7063
14.68,10.7242
14.688,10.6884
14.696,10.7063
14.704,10.7063
14.712,10.6884
14.72,10.6705
14.728,10.7063
14.736,10.6884
14.744,10.7063
14.752,10.6526
14.76,10.6705
14.768,10.6347
14.776,10.6526
14.784,10.6526
14.792,10.7063
14.8,10.6884
14.808,10.8137
14.816,11.8693
14.824,11.923
14.832,11.9408
14.84,11.9766
14.848,12.9056
14.856,13.9937
14.864,13.9937
14.872,14.0294
14.88,14.9911
14.888,15.0623
14.896,15.0089
14.904,16.1289
14.912,16.4485
14.92,17.1759
14.928,17.1936
14.936,18.1501
14.944,18.097
14.952,18.097
14.96,18.0616
14.968,19.1224
14.976,19.1577
14.984,19.1401
14.992,19.1577
15.0,19.5461
15.008,20.2691
15.016,20.1281
15.024,20.1105
15.032,20.1281
15.04,21.6063
15.048,21.1669
15.056,21.0789
15.064,21.1493
15.072,21.202
15.08,21.1493
15.088,21.1141
15.096,21.1493
15.104,21.1317
15.112,21.1493
15.12,21.1493
15.128,21.1317
15.136,21.1493
15.144,21.1669
15.152,21.1493
15.16,21.1141
15.168,21.1317
15.176,21.1317
15.184,21.1317
15.192,21.1669
15.2,21.1493
15.208,21.1317
15.216,21.1317
15.224,21.1141
15.232,21.1493
15.24,21.1317
15.248,21.1141
15.256,21.1317
15.264,21.1669
15.272,21.1141
15.28,21.1493
15.288,21.1317
15.296,21.1317
15.304,21.1493
15.312,21.1669
15.32,21.1669
15.328,21.1493
15.336,21.1493
15.344,21.202
15.352,21.2372
15.36,21.5536
15.368,21.7995
15.376,22.4312
15.384,22.3435
15.392,22.3786
15.4,23.3071
15.408,23.3946
15.416,24.3731
15.424,24.4604
15.432,24.3731
15.44,25.4711
15.448,26.2534
15.456,26.4617
15.464,26.4791
15.472,27.3112
15.48,27.5362
15.488,27.4843
15.496,28.5384
15.504,28.5212
15.512,29.5721
15.52,29.4688
15.528,30.225
15.536,30.5167
15.544,31.5781
15.552,31.4926
15.56,31.5781
15.568,32.5336
15.576,32.5847
15.584,32.8571
15.592,33.6388
15.6,34.5875
15.608,34.6213
15.616,34.5875
15.624,35.6003
15.632,36.3574
15.64,36.6429
15.648,36.6093
15.656,37.2128
15.664,37.6143
15.672,37.5976
15.68,38.1653
15.688,38.3654
15.696,38.432
15.704,38.4987
15.712,38.482
15.72,39.4461
15.728,39.4461
15.736,39.4793
15.744,39.5291
15.752,40.4229
15.76,40.4229
15.768,41.5926
15.776,41.3296
15.784,41.2967
15.792,41.3131
15.8,41.2967
15.808,41.3625
15.816,41.3131
15.824,41.3131
15.832,41.3131
15.84,41.3131
15.848,41.3131
15.856,41.3296
15.864,41.3131
15.872,41.2638
15.88,41.346
15.888,41.3131
15.896,41.2967
15.904,41.3625
15.912,41.2967
15.92,41.3296
15.928,41.2802
15.936,41.3296
15.944,41.3131
15.952,41.3625
15.96,41.3131
15.968,41.2967
15.976,41.3296
15.984,41.346
15.992,41.3296
16.0,41.2638
16.008,41.3296
16.016,41.3296
16.024,41.3296
16.032,41.3296
16.04,41.2967
16.048,41.3296
16.056,41.2967
16.064,41.2967
16.072,41.3296
16.08,41.4447
16.088,41.5762
16.096,41.4611
16.104,41.5105
16.112,42.5436
16.12,42.4127
16.128,42.5109
16.136,43.3926
16.144,44.4328
16.152,44.3193
16.16,44.449
16.168,45.3224
16.176,45.8864
16.184,46.2722
16.192,46.3524
16.2,47.1213
16.208,47.313
16.216,47.2332
16.224,48.0938
16.232,48.1892
16.24,49.1401
16.248,49.1085
16.256,49.1401
16.264,50.0387
16.272,50.8387
16.28,50.9482
16.288,50.9795
16.296,51.8371
16.304,51.9615
16.312,52.7829
16.32,52.8757
16.328,53.0455
16.336,53.7077
16.344,53.7999
16.352,54.6421
16.36,54.7032
16.368,55.5251
16.376,55.5706
16.384,56.3423
16.392,56.478
16.4,57.2896
16.408,57.3346
16.416,57.2596
16.424,58.2304
16.432,58.2006
16.44,58.7502
16.448,59.0758
16.456,59.9597
16.464,59.9891
16.472,59.945
16.48,60.8811
16.488,60.7499
16.496,61.7232
16.504,61.6219
16.512,61.7377
16.52,62.5163
16.528,62.5594
16.536,62.43
16.544,63.4322
16.552,64.1426
16.56,64.2558
16.568,64.185
16.576,65.0872
16.584,65.8146
16.592,65.9122
16.6,65.8704
16.608,66.7167
16.616,66.7028
16.624,66.6752
16.632,67.501
16.64,68.3199
16.648,68.3199
16.656,68.2927
16.664,69.1317
16.672,69.1452
16.68,69.9497
16.688,69.8963
16.696,69.9631
16.704,70.6544
16.712,70.7339
16.72,70.6677
16.728,71.5503
16.736,72.19
16.744,72.2809
16.752,72.216
16.76,73.0309
16.768,73.018
16.776,73.8247
16.784,73.7228
16.792,74.282
16.8,74.5348
16.808,74.5727
16.816,75.2258
16.824,75.3881
16.832,76.0092
16.84,76.1328
16.848,76.0463
16.856,76.8208
16.864,77.4656
16.872,77.5382
16.88,77.4898
16.888,78.2599
16.896,78.8551
16.904,78.9854
16.912,78.8196
16.92,78.7721
16.928,78.7959
16.936,79.5387
16.944,79.5152
16.952,79.4918
16.96,79.5269
16.968,79.5387
16.976,80.2609
16.984,80.1798
16.992,80.1798
17.0,80.8943
17.008,80.8484
17.016,80.8484
17.024,80.837
17.032,80.814
17.04,80.8484
17.048,80.8599
17.056,80.8599
17.064,80.837
17.072,80.837
17.08,80.837
17.088,80.837
17.096,80.814
17.104,80.8484
17.112,80.8255
17.12,80.837
17.128,80.7911
17.136,80.814
17.144,80.8255
17.152,80.837
17.16,80.8255
17.168,80.814
17.176,80.814
17.184,80.837
17.192,80.837
17.2,80.8714
17.208,80.8255
17.216,80.8255
17.224,80.814
17.232,80.8255
17.24,80.837
17.248,80.8599
17.256,80.8599
17.264,80.8484
17.272,80.8599
17.28,80.8255
17.288,80.8599
17.296,80.8484
17.304,80.814
17.312,80.8943
17.32,81.1457
17.328,80.9858
17.336,81.0544
17.344,81.7016
17.352,81.6451
17.36,82.3301
17.368,82.3301
17.376,82.3524
17.384,82.9513
17.392,82.9954
17.4,82.9403
17.408,83.6305
17.416,84.2576
17.424,84.2791
17.432,84.2576
17.44,84.9084
17.448,85.5712
17.456,85.4981
17.464,85.5399
17.472,86.1317
17.48,86.1832
17.488,86.1317
17.496,86.7969
17.504,87.3115
17.512,87.3316
17.52,87.3115
17.528,87.9384
17.536,87.9088
17.544,88.5749
17.552,88.4776
17.56,88.536
17.568,89.0476
17.576,89.1338
17.584,89.0381
17.592,89.7126
17.6,90.1799
17.608,90.2541
17.616,90.1799
17.624,90.8053
17.632,90.7049
17.64,91.3203
17.648,91.2844
17.656,91.3293
17.664,91.7829
17.672,91.8622
17.68,92.2732
17.688,92.3686
17.696,92.8065
17.704,92.8831
17.712,93.1789
17.72,93.3966
17.728,93.7773
17.736,93.8675
17.744,93.8101
17.752,94.3459
17.76,94.2735
17.768,94.3459
17.776,94.7441
17.784,95.1898
17.792,95.2053
17.8,95.2749
17.808,95.3903
17.816,95.748
17.824,96.1294
17.832,96.1886
17.84,96.1072
17.848,96.5836
17.856,96.6559
17.864,97.0132
17.872,96.9849
17.88,97.3429
17.888,97.3984
17.896,97.4468
17.904,97.7888
17.912,97.8226
17.92,98.1967
17.928,98.2099
17.936,98.5363
17.944,98.5943
17.952,98.9878
17.96,98.9627
17.968,99.0003
17.976,99.3096
17.984,99.3585
17.992,99.4979
18.0,99.7191
18.008,100.213
18.016,100.196
18.024,100.201
18.032,99.9655
18.04,99.9538
18.048,99.9597
18.056,99.9655
18.064,100.303
18.072,100.331
18.08,100.62
18.088,100.598
18.096,100.615
18.104,100.593
18.112,100.604
18.12,100.598
18.128,100.598
18.136,100.609
18.144,100.615
18.152,100.604
18.16,100.609
18.168,100.604
18.176,100.593
18.184,100.604
18.192,100.62
18.2,100.593
18.208,100.593
18.216,100.598
18.224,100.598
18.232,100.604
18.24,100.609
18.248,100.593
18.256,100.587
18.264,100.604
18.272,100.598
18.28,100.598
18.288,100.593
18.296,100.604
18.304,100.598
18.312,100.598
18.32,100.593
18.328,100.593
18.336,100.604
18.344,100.604
18.352,100.593
18.36,100.598
18.368,100.609
18.376,100.609
18.384,100.604
18.392,100.609
18.4,100.598
18.408,100.62
18.416,100.713
18.424,100.68
18.432,100.713
18.44,100.697
18.448,100.393
18.456,100.343
18.464,100.058
18.472,100.006
18.48,99.7072
18.488,99.3706
18.496,99.3585
18.504,99.3035
18.512,98.9816
18.52,98.969
18.528,98.9565
18.536,98.6136
18.544,98.2757
18.552,98.2626
18.56,98.1967
18.568,97.8766
18.576,97.7684
18.584,97.4606
18.592,97.3706
18.6,97.4122
18.608,96.9494
18.616,97.0132
18.624,96.6991
18.632,96.5546
18.64,96.1442
18.648,96.1368
18.656,95.7857
18.664,95.7102
18.672,95.244
18.68,95.2363
18.688,94.7914
18.696,94.7835
18.704,94.3218
18.712,94.3057
18.72,93.8429
18.728,93.8101
18.736,93.8347
18.744,93.3214
18.752,92.9849
18.76,92.8236
18.768,92.8746
18.776,92.3253
18.784,92.3686
18.792,91.7652
18.8,91.8446
18.808,91.8005
18.816,91.3382
18.824,91.2755
18.832,90.9416
18.84,90.7323
18.848,90.2633
18.856,90.1799
18.864,89.8159
18.872,89.6278
18.88,89.086
18.888,89.0476
18.896,88.5846
18.904,88.4484
18.912,88.5263
18.92,87.9088
18.928,87.3516
18.936,87.3115
18.944,87.3817
18.952,86.7054
18.96,86.1935
18.968,86.1007
18.976,86.142
18.984,85.5085
18.992,85.519
19.0,85.5085
19.008,84.919
19.016,84.3649
19.024,84.2683
19.032,84.3113
19.04,83.6522
19.048,83.674
19.056,82.9624
19.064,83.0064
19.072,82.319
19.08,82.3859
19.088,82.2966
19.096,81.7242
19.104,80.9744
19.112,81.0315
19.12,80.9972
19.128,80.365
19.136,79.5855
19.144,79.6674
19.152,79.6089
19.16,78.938
19.168,78.9735
19.176,78.2718
19.184,78.2479
19.192,77.5019
19.2,77.5382
19.208,77.5019
19.216,76.8452
19.224,76.0834
19.232,76.1204
19.24,76.0463
19.248,75.3756
19.256,74.5853
19.264,74.6231
19.272,74.5474
19.28,73.8375
19.288,73.7228
19.296,73.8375
19.304,72.9407
19.312,72.3069
19.32,72.203
19.328,72.2809
19.336,71.4323
19.344,70.7206
19.352,70.6412
19.36,70.4157
19.368,69.923
19.376,69.9364
19.384,69.1856
19.392,68.9834
19.4,68.4014
19.408,68.2927
19.416,67.6517
19.424,67.4873
19.432,66.7995
19.44,66.6752
19.448,66.7581
19.456,65.8425
19.464,65.9122
19.472,65.8843
19.48,65.1293
19.488,64.1709
19.496,64.2275
19.504,64.185
19.512,63.3752
19.52,62.5737
19.528,62.5019
19.536,62.5594
19.544,61.6654
19.552,61.7377
19.56,60.8083
19.568,60.414
19.576,59.9157
19.584,60.0038
19.592,59.0462
19.6,58.3345
19.608,58.1709
19.616,58.2006
19.624,57.3046
19.632,57.3495
19.64,57.3046
19.648,56.4629
19.656,55.6161
19.664,55.5251
19.672,55.6313
19.68,54.6268
19.688,54.7184
19.696,53.7231
19.704,53.7845
19.712,52.8139
19.72,52.8757
19.728,52.8602
19.736,51.9304
19.744,51.042
19.752,51.0107
19.76,51.0576
19.768,50.0387
19.776,49.1876
19.784,49.1401
19.792,49.2034
19.8,48.1733
19.808,47.345
19.816,47.2811
19.824,47.2971
19.832,46.3043
19.84,46.4166
19.848,45.3708
19.856,45.4192
19.864,44.3842
19.872,44.449
19.88,43.6694
19.888,43.4904
19.896,42.3963
19.904,42.5436
19.912,42.4454
19.92,41.5598
19.928,41.494
19.936,40.8849
19.944,40.5219
19.952,39.5622
19.96,39.6286
19.968,39.5125
19.976,38.6152
19.984,37.5809
19.992,37.631
20.0,36.71
20.008,36.6596
20.016,36.5254
20.024,35.7014
20.032,34.6382
20.04,34.6382
20.048,34.5537
20.056,33.6388
20.064,32.5507
20.072,32.5336
20.08,32.5847
20.088,31.5781
20.096,31.5781
20.104,31.561
20.112,30.5681
20.12,29.5549
20.128,29.6237
20.136,29.5032
20.144,28.5557
20.152,28.4867
20.16,27.5535
20.168,27.4497
20.176,26.5832
20.184,26.4444
20.192,26.4791
20.2,25.4189
20.208,24.5127
20.216,24.4604
20.224,24.4255
20.232,23.4296
20.24,22.3786
20.248,22.3786
20.256,22.3435
20.264,21.3603
20.272,21.2724
20.28,20.41
20.288,20.2691
20.296,19.246
20.304,19.2637
20.312,19.2107
20.32,18.2385
20.328,17.1227
20.336,17.1936
20.344,17.1227
20.352,16.1644
20.36,15.2046
20.368,15.1512
20.376,14.9911
20.384,14.1185
20.392,13.9759
20.4,14.065
20.408,12.9234
20.416,11.9766
20.424,11.923
20.432,11.923
20.44,10.9211
20.448,9.82841
20.456,9.84633
20.464,9.82841
20.472,8.78812
20.48,8.69838
20.488,7.8724
20.496,7.58494
20.504,6.63215
20.512,6.56021
20.52,6.23641
20.528,5.55254
20.536,4.47197
20.544,4.50801
20.552,4.50801
20.56,3.49874
20.568,3.28239
20.576,3.26435
20.584,3.37254
20.592,3.30042
20.6,3.24632
20.608,2.72333
20.616,2.30843
20.624,1.2798
20.632,1.2076
20.64,1.2076
20.648,1.1354
20.656,1.1715
20.664,1.11734
20.672,1.15345
20.68,1.11734
20.688,1.15345
20.696,1.15345
20.704,1.11734
20.712,1.15345
20.72,1.11734
20.728,1.11734
20.736,1.1354
20.744,1.09929
20.752,1.06319
20.76,1.11734
20.768,1.08124
20.776,1.02708
20.784,1.1715
20.792,1.11734
20.8,1.08124
20.808,1.15345
20.816,1.1354
20.824,1.1354
20.832,1.15345
20.84,1.1354
20.848,1.09929
20.856,1.1354
20.864,1.11734
20.872,1.15345
20.88,1.1354
20.888,1.1354
20.896,1.11734
20.904,1.11734
20.912,1.08124
20.92,1.1715
20.928,1.15345
20.936,1.11734
20.944,1.09929
20.952,1.1354
20.96,1.1354
20.968,1.2437
20.976,1.4242
20.984,1.73102
20.992,1.33395
21.0,1.29785
21.008,1.33395
21.016,1.44225
21.024,2.41667
21.032,3.35451
21.04,3.48071
21.048,3.37254
21.056,4.48999
21.064,4.45396
21.072,4.6161
21.08,5.55254
21.088,6.56021
21.096,6.63215
21.104,6.59618
21.112,7.72868
21.12,8.62658
21.128,8.82401
21.136,8.94962
21.144,9.00345
21.152,8.60863
21.16,8.59068
21.168,8.62658
21.176,9.72085
21.184,9.73878
21.192,9.73878
21.2,9.73878
21.208,9.68499
21.216,9.57742
21.224,10.6526
21.232,10.7242
21.24,10.6526
21.248,10.6526
21.256,10.6884
21.264,10.6705
21.272,10.6705
21.28,10.7242
21.288,10.6884
21.296,10.7063
21.304,10.6884
21.312,10.6526
21.32,10.6526
21.328,10.6705
21.336,10.6884
21.344,10.6526
21.352,10.6884
21.36,10.6705
21.368,10.6884
21.376,10.6705
21.384,10.7242
21.392,10.7421
21.4,10.6526
21.408,10.6884
21.416,10.6705
21.424,10.7063
21.432,10.7242
21.44,10.6526
21.448,10.6705
21.456,10.7063
21.464,10.6526
21.472,10.6526
21.48,10.6705
21.488,10.6526
21.496,10.6526
21.504,10.7063
21.512,10.6347
21.52,10.7242
21.528,10.6884
21.536,10.7779
21.544,11.8514
21.552,11.9051
21.56,11.9051
21.568,11.8693
21.576,12.977
21.584,13.9759
21.592,13.9224
21.6,13.9937
21.608,15.0623
21.616,15.0801
21.624,15.0623
21.632,16.1822
21.64,17.0518
21.648,17.1404
21.656,17.1582
21.664,18.2562
21.672,18.0616
21.68,18.0616
21.688,18.0439
21.696,19.1931
21.704,19.1048
21.712,19.1048
21.72,19.1931
21.728,20.1986
21.736,20.181
21.744,20.1634
21.752,20.1457
21.76,21.1493
21.768,21.1317
21.776,21.1141
21.784,21.1317
21.792,21.1493
21.8,21.1669
21.808,21.1317
21.816,21.1669
21.824,21.1493
21.832,21.1493
21.84,21.1317
21.848,21.1669
21.856,21.1317
21.864,21.1669
21.872,21.1317
21.88,21.1844
21.888,21.1493
21.896,21.1669
21.904,21.1493
21.912,21.1317
21.92,21.0789
21.928,21.1844
21.936,21.1317
21.944,21.1493
21.952,21.1141
21.96,21.1141
21.968,21.1493
21.976,21.1317
21.984,21.1669
21.992,21.1317
22.0,21.1669
22.008,21.1669
22.016,21.1669
22.024,21.1493
22.032,21.1317
22.04,21.1493
22.048,21.1317
22.056,21.1317
22.064,21.1493
22.072,21.2372
22.08,21.413
22.088,21.3778
22.096,22.3962
22.104,22.326
22.112,22.4488
22.12,23.1846
22.128,23.4645
22.136,24.3731
22.144,24.4953
22.152,24.3906
22.16,25.4711
22.168,25.4014
22.176,26.4791
22.184,26.427
22.192,26.5311
22.2,27.4497
22.208,27.5189
22.216,28.2622
22.224,28.4694
22.232,29.6065
22.24,29.5205
22.248,29.5721
22.256,30.5167
22.264,31.5952
22.272,31.4926
22.28,31.6294
22.288,32.5507
22.296,32.5677
22.304,32.5507
22.312,33.6897
22.32,34.5875
22.328,34.6552
22.336,34.5706
22.344,35.6846
22.352,35.5498
22.36,36.6596
22.368,36.5757
22.376,36.6764
22.384,37.5641
22.392,37.5976
22.4,37.5809
22.408,38.3987
22.416,38.3987
22.424,38.4653
22.432,38.4653
22.44,39.4296
22.448,39.4296
22.456,39.5125
22.464,39.4959
22.472,40.4229
22.48,40.3898
22.488,43.4578
22.496,41.3131
22.504,41.3625
22.512,41.3131
22.52,41.3625
22.528,41.2802
22.536,41.2967
22.544,41.2967
22.552,41.346
22.56,41.3131
22.568,41.2638
22.576,41.2802
22.584,41.2802
22.592,41.2802
22.6,41.2967
22.608,41.2802
22.616,41.2802
22.624,41.2967
22.632,41.3296
22.64,41.3296
22.648,41.3296
22.656,41.346
22.664,41.2967
22.672,41.2802
22.68,41.2967
22.688,41.3131
22.696,41.3625
22.704,41.3131
22.712,41.3296
22.72,41.3625
22.728,41.3131
22.736,41.3296
22.744,41.3131
22.752,41.3296
22.76,41.2802
22.768,41.3131
22.776,41.2967
22.784,41.2802
22.792,41.3131
22.8,41.3131
22.808,41.4283
22.816,41.6255
22.824,41.5105
22.832,41.5105
22.84,42.4945
22.848,42.4618
22.856,42.4454
22.864,43.4415
22.872,44.4166
22.88,44.3679
22.888,44.4652
22.896,45.3546
22.904,46.2882
22.912,46.3203
22.92,46.4006
22.928,47.2492
22.936,47.345
22.944,47.313
22.952,48.1733
22.96,48.1892
22.968,49.2034
22.976,49.0769
22.984,49.2034
22.992,50.0387
23.0,51.0264
23.008,50.9795
23.016,51.0889
23.024,51.8527
23.032,52.0392
23.04,52.7829
23.048,52.8911
23.056,52.9683
23.064,53.7538
23.072,53.6616
23.08,54.6115
23.088,54.6574
23.096,55.5706
23.104,55.5554
23.112,56.297
23.12,56.4931
23.128,57.3346
23.136,57.3346
23.144,57.2896
23.152,58.2304
23.16,58.156
23.168,58.7946
23.176,59.0462
23.184,60.0038
23.192,59.901
23.2,60.0038
23.208,60.7499
23.216,60.852
23.224,61.6654
23.232,61.6798
23.24,61.6364
23.248,62.545
23.256,62.5594
23.264,62.4732
23.272,63.4322
23.28,64.1992
23.288,64.2275
23.296,64.1992
23.304,65.0732
23.312,65.8425
23.32,65.9539
23.328,65.8564
23.336,66.7443
23.344,66.6476
23.352,66.7857
23.36,67.4599
23.368,68.3607
23.376,68.2791
23.384,68.3742
23.392,69.0239
23.4,69.1586
23.408,69.883
23.416,69.923
23.424,69.8696
23.432,70.6942
23.44,70.6809
23.448,70.7074
23.456,71.4585
23.464,72.229
23.472,72.242
23.48,72.2679
23.488,72.9922
23.496,73.018
23.504,73.7738
23.512,73.8247
23.52,73.7992
23.528,74.5727
23.536,74.5727
23.544,75.2258
23.552,75.3382
23.56,76.0834
23.568,76.0957
23.576,76.071
23.584,76.8208
23.592,77.5261
23.6,77.5261
23.608,77.4777
23.616,78.2359
23.624,78.938
23.632,78.9854
23.64,78.8196
23.648,78.7603
23.656,78.7603
23.664,79.5387
23.672,79.5269
23.68,79.5269
23.688,79.5387
23.696,79.5855
23.704,80.2493
23.712,80.203
23.72,80.1566
23.728,80.0172
23.736,81.5999
23.744,80.814
23.752,80.8484
23.76,80.837
23.768,80.8599
23.776,80.8484
23.784,80.8026
23.792,80.8255
23.8,80.814
23.808,80.8484
23.816,80.8599
23.824,80.837
23.832,80.8255
23.84,80.814
23.848,80.8255
23.856,80.814
23.864,80.7911
23.872,80.8484
23.88,80.8255
23.888,80.8714
23.896,80.7911
23.904,80.8255
23.912,80.837
23.92,80.814
23.928,80.8484
23.936,80.8484
23.944,80.837
23.952,80.837
23.96,80.8484
23.968,80.8255
23.976,80.8255
23.984,80.8026
23.992,80.8255
24.0,80.8599
24.008,80.814
24.016,80.837
24.024,80.7911
24.032,80.8484
24.04,80.814
24.048,80.9515
24.056,81.043
24.064,81.043
24.072,80.9972
24.08,81.6903
24.088,81.6564
24.096,82.3301
24.104,82.3413
24.112,82.319
24.12,83.0064
24.128,82.9403
24.136,83.0175
24.144,83.6087
24.152,84.2791
24.16,84.2253
24.168,84.3434
24.176,84.8872
24.184,85.5503
24.192,85.4876
24.2,85.5712
24.208,86.1007
24.216,86.1729
24.224,86.1214
24.232,86.7766
24.24,87.2915
24.248,87.4117
24.256,87.3015
24.264,87.9483
24.272,87.8791
24.28,88.536
24.288,88.4874
24.296,88.536
24.304,89.0572
24.312,89.1243
24.32,89.0189
24.328,89.7126
24.336,89.9844
24.344,90.2541
24.352,90.1427
24.36,90.7049
24.368,90.7414
24.376,91.3114
24.384,91.2844
24.392,91.3203
24.4,91.7829
24.408,91.8446
24.416,91.915
24.424,92.3599
24.432,92.8065
24.44,92.8576
24.448,92.798
24.456,93.3465
24.464,93.7691
24.472,93.8675
24.48,93.7937
24.488,94.3298
24.496,94.2735
24.504,94.3379
24.512,94.7362
24.52,94.8072
24.528,95.1898
24.536,95.2826
24.544,95.1976
24.552,95.7329
24.56,96.0923
24.568,96.1886
24.576,96.1146
24.584,96.5836
24.592,96.5546
24.6,97.0415
24.608,96.9423
24.616,97.0132
24.624,97.3914
24.632,97.4261
24.64,97.4606
24.648,97.8091
24.656,98.2362
24.664,98.2033
24.672,98.2231
24.68,98.5814
24.688,99.0066
24.696,98.9502
24.704,99.0066
24.712,99.3157
24.72,99.3585
24.728,99.2974
24.736,99.7013
24.744,100.184
24.752,100.201
24.76,100.207
24.768,99.948
24.776,99.9771
24.784,99.9655
24.792,99.9713
24.8,100.184
24.808,100.315
24.816,100.637
24.824,100.62
24.832,102.123
24.84,100.604
24.848,100.604
24.856,100.598
24.864,100.609
24.872,100.604
24.88,100.593
24.888,100.582
24.896,100.598
24.904,100.593
24.912,100.587
24.92,100.587
24.928,100.604
24.936,100.593
24.944,100.598
24.952,100.598
24.96,100.604
24.968,100.593
24.976,100.598
24.984,100.593
24.992,100.598
25.0,100.593
25.008,100.587
25.016,100.593
25.024,100.593
25.032,100.598
25.04,100.593
25.048,100.598
25.056,100.609
25.064,100.598
25.072,100.593
25.08,100.615
25.088,100.62
25.096,100.593
25.104,100.598
25.112,100.593
25.12,100.598
25.128,100.587
25.136,100.598
25.144,100.609
25.152,100.631
25.16,100.729
25.168,100.917
25.176,100.708
25.184,100.74
25.192,100.348
25.2,100.393
25.208,100
25.216,100.041
25.224,99.6716
25.232,99.4496
25.24,99.3463
25.248,99.328
25.256,99.0066
25.264,98.9565
25.272,99.0066
25.28,98.5685
25.288,98.465
25.296,98.1901
25.304,98.2296
25.312,97.8293
25.32,97.8158
25.328,97.4122
25.336,97.4191
25.344,97.4399
25.352,96.9849
25.36,97.0344
25.368,96.6487
25.376,96.6126
25.384,96.1294
25.392,96.1886
25.4,95.7782
25.408,95.748
25.416,95.2053
25.424,95.2826
25.432,94.7756
25.44,94.752
25.448,94.2816
25.456,94.3619
25.464,93.8101
25.472,93.8839
25.48,93.8019
25.488,93.3966
25.496,92.8916
25.504,92.8831
25.512,92.8151
25.52,92.3772
25.528,92.3166
25.536,91.871
25.544,91.7829
25.552,91.8446
25.56,91.2485
25.568,91.3203
25.576,90.9053
25.584,90.787
25.592,90.1799
25.6,90.2448
25.608,90.031
25.616,89.6466
25.624,89.0668
25.632,89.0668
25.64,88.5652
25.648,88.5166
25.656,88.5068
25.664,87.9187
25.672,87.3617
25.68,87.3416
25.688,87.3717
25.696,86.7359
25.704,86.1832
25.712,86.1626
25.72,86.2141
25.728,85.5085
25.736,85.5712
25.744,85.4876
25.752,84.9508
25.76,84.4077
25.768,84.322
25.776,84.2361
25.784,83.6957
25.792,83.6087
25.8,83.0064
25.808,82.9403
25.816,82.4082
25.824,82.3301
25.832,82.3636
25.84,81.6338
25.848,81.0087
25.856,81.0087
25.864,80.9858
25.872,80.3303
25.88,79.6206
25.888,79.6791
25.896,79.6206
25.904,78.9972
25.912,78.9025
25.92,78.3077
25.928,78.212
25.936,77.5744
25.944,77.4534
25.952,77.5382
25.96,76.7474
25.968,76.1451
25.976,76.0092
25.984,76.1204
25.992,75.3382
26.0,74.6357
26.008,74.5348
26.016,74.5727
26.024,73.7483
26.032,73.7865
26.04,73.7865
26.048,73.0051
26.056,72.242
26.064,72.242
26.072,72.2809
26.08,71.4585
26.088,70.7603
26.096,70.6942
26.104,70.5087
26.112,69.8963
26.12,69.9631
26.128,69.0778
26.136,69.1586
26.144,68.3063
26.152,68.3742
26.16,67.5284
26.168,67.5695
26.176,66.689
26.184,66.7167
26.192,66.7167
26.2,65.8982
26.208,65.9261
26.216,65.8843
26.224,65.0732
26.232,64.2134
26.24,64.2558
26.248,64.1992
26.256,63.4179
26.264,62.4875
26.272,62.5737
26.28,62.5019
26.288,61.7666
26.296,61.6509
26.304,60.8811
26.312,60.5602
26.32,59.945
26.328,59.9304
26.336,59.1054
26.344,58.3196
26.352,58.2304
26.36,58.2155
26.368,57.2896
26.376,57.3645
26.384,57.2596
26.392,56.478
26.4,55.5099
26.408,55.5706
26.416,55.4947
26.424,54.7032
26.432,54.6268
26.44,53.7384
26.448,53.7538
26.456,52.8757
26.464,52.8757
26.472,52.8139
26.48,52.0081
26.488,51.0732
26.496,51.0264
26.504,50.9795
26.512,50.133
26.52,49.0927
26.528,49.1717
26.536,49.0927
26.544,48.1892
26.552,47.2012
26.56,47.345
26.568,46.6091
26.576,46.3364
26.584,46.3043
26.592,45.4192
26.6,45.2901
26.608,44.4328
26.616,44.3842
26.624,43.6206
26.632,43.4252
26.64,42.4291
26.648,42.5109
26.656,42.4782
26.664,41.5762
26.672,41.494
26.68,41.5269
26.688,40.4889
26.696,39.5954
26.704,39.5457
26.712,39.5622
26.72,38.5819
26.728,37.6143
26.736,37.5307
26.744,36.8609
26.752,36.5589
26.76,36.5925
26.768,35.6003
26.776,34.6552
26.784,34.6213
26.792,34.6382
26.8,33.6727
26.808,32.5677
26.816,32.6358
26.824,32.5677
26.832,31.561
26.84,31.4926
26.848,31.6123
26.856,30.5167
26.864,29.6065
26.872,29.4688
26.88,29.486
26.888,28.5557
26.896,28.2277
26.904,27.5016
26.912,27.5189
26.92,26.6873
26.928,26.427
26.936,26.5138
26.944,25.384
26.952,24.565
26.96,24.3731
26.968,24.4604
26.976,23.3421
26.984,22.3962
26.992,22.3611
27.0,22.3611
27.008,21.3075
27.016,21.3427
27.024,20.4629
27.032,20.3043
27.04,19.2813
27.048,19.2284
27.056,19.3167
27.064,18.1855
27.072,17.2468
27.08,17.1404
27.088,17.1759
27.096,16.0934
27.104,15.6136
27.112,15.0089
27.12,15.0978
27.128,14.0294
27.136,13.9937
27.144,14.0294
27.152,12.9413
27.16,12.066
27.168,11.8872
27.176,12.0123
27.184,10.8495
27.192,9.84633
27.2,9.7567
27.208,9.86426
27.216,8.68043
27.224,8.77017
27.232,8.37525
27.24,7.69274
27.248,6.59618
27.256,6.57819
27.264,6.66812
27.272,5.55254
27.28,4.52602
27.288,4.47197
27.296,4.50801
27.304,3.39057
27.312,3.26435
27.32,3.24632
27.328,3.30042
27.336,3.31845
27.344,3.31845
27.352,3.1742
27.36,2.27234
27.368,2.10996
27.376,1.26175
27.384,1.1715
27.392,1.1354
27.4,1.1715
27.408,1.15345
27.416,1.11734
27.424,1.1715
27.432,1.11734
27.44,1.09929
27.448,1.1354
27.456,1.15345
27.464,1.09929
27.472,1.2076
27.48,1.11734
27.488,1.1354
27.496,1.09929
27.504,1.1715
27.512,1.18955
27.52,1.15345
27.528,1.11734
27.536,1.1354
27.544,1.11734
27.552,1.1354
27.56,1.1354
27.568,1.11734
27.576,1.11734
27.584,1.1354
27.592,1.11734
27.6,1.1354
27.608,1.11734
27.616,1.1354
27.624,1.1354
27.632,1.15345
27.64,1.08124
27.648,1.15345
27.656,1.11734
27.664,1.11734
27.672,1.11734
27.68,1.1354
27.688,1.1354
27.696,1.11734
27.704,1.09929
27.712,1.18955
27.72,1.55054
27.728,1.33395
27.736,1.31591
27.744,1.26175
27.752,1.33395
27.76,1.2798
27.768,2.39863
27.776,3.35451
27.784,3.48071
27.792,3.37254
27.8,4.50801
27.808,4.47197
27.816,4.47197
27.824,5.57054
27.832,6.56021
27.84,6.61416
27.848,6.54222
27.856,7.74664
27.864,8.53683
27.872,8.80606
27.88,8.9855
27.888,9.00345
27.896,8.62658
27.904,8.59068
27.912,8.66248
27.92,9.70292
27.928,9.73878
27.936,9.73878
27.944,9.7567
27.952,9.70292
27.96,9.64913
27.968,10.7063
27.976,10.7063
27.984,10.7063
27.992,10.6705
28.0,10.7063
28.008,10.7242
28.016,10.7242
28.024,10.6705
28.032,10.6884
28.04,10.6705
28.048,10.6705
28.056,10.6884
28.064,10.6705
28.072,10.7242
28.08,10.7242
28.088,10.6526
28.096,10.6884
28.104,10.6705
28.112,10.6705
28.12,10.7063
28.128,10.6884
28.136,10.6705
28.144,10.6526
28.152,10.6705
28.16,10.6705
28.168,10.6884
28.176,10.7063
28.184,10.7421
28.192,10.6705
28.2,10.6705
28.208,10.6705
28.216,10.6884
28.224,10.6705
28.232,10.6526
28.24,10.6884
28.248,10.7242
28.256,10.6705
28.264,10.7063
28.272,10.6884
28.28,10.7958
28.288,11.9945
28.296,11.9587
28.304,11.923
28.312,11.9766
28.32,12.9234
28.328,14.0472
28.336,13.9937
28.344,14.0828
28.352,14.9733
28.36,15.1334
28.368,14.9733
28.376,16.1467
28.384,16.9808
28.392,17.1582
28.4,17.105
28.408,18.2562
28.416,18.4862
28.424,18.5039
28.432,18.5039
28.44,19.1577
28.448,19.1754
28.456,19.1401
28.464,19.1754
28.472,20.2162
28.48,20.2515
28.488,20.1634
28.496,20.0929
28.504,21.1493
28.512,21.1141
28.52,21.1669
28.528,21.0965
28.536,21.1317
28.544,21.1317
28.552,21.1317
28.56,21.1669
28.568,21.1493
28.576,21.1669
28.584,21.1317
28.592,21.0965
28.6,21.1317
28.608,21.0965
28.616,21.1493
28.624,21.1317
28.632,21.1317
28.64,21.1669
28.648,21.0965
28.656,21.1669
28.664,21.1669
28.672,21.1317
28.68,21.1493
28.688,21.1493
28.696,21.1493
28.704,21.1669
28.712,21.1493
28.72,21.1493
28.728,21.1669
28.736,21.1317
28.744,21.1669
28.752,21.1141
28.76,21.0965
28.768,21.1141
28.776,21.1493
28.784,21.1844
28.792,21.1844
28.8,21.1669
28.808,21.1493
28.816,21.2372
28.824,21.4657
28.832,21.3251
28.84,22.3611
28.848,22.4312
28.856,22.3435
28.864,23.4296
28.872,23.3946
28.88,24.4429
28.888,24.3906
28.896,24.4429
28.904,25.4189
28.912,26.2708
28.92,26.4964
28.928,26.427
28.936,27.4151
28.944,27.4497
28.952,27.5362
28.96,28.4867
28.968,28.6247
28.976,29.5032
28.984,29.6237
28.992,30.3966
29.0,30.5853
29.008,31.4755
29.016,31.5952
29.024,31.5097
29.032,32.5336
29.04,32.5336
29.048,33.4521
29.056,33.6388
29.064,34.6382
29.072,34.6044
29.08,34.6382
29.088,35.6003
29.096,36.5422
29.104,36.5925
29.112,36.5589
29.12,37.3969
29.128,37.5641
29.136,37.6644
29.144,38.182
29.152,38.4487
29.16,38.4154
29.168,38.4653
29.176,38.4487
29.184,39.4296
29.192,39.4793
29.2,39.5125
29.208,39.4959
29.216,40.4394
29.224,40.3898
29.232,41.6912
29.24,41.346
29.248,41.3131
29.256,41.346
29.264,41.346
29.272,41.3296
29.28,41.2802
29.288,41.3296
29.296,41.2802
29.304,41.3296
29.312,41.3131
29.32,41.2802
29.328,41.2802
29.336,41.2967
29.344,41.3296
29.352,41.3296
29.36,41.3131
29.368,41.3296
29.376,41.2967
29.384,41.3131
29.392,41.2967
29.4,41.2967
29.408,41.2967
29.416,41.3131
29.424,41.3131
29.432,41.3789
29.44,41.3296
29.448,41.3131
29.456,41.2802
29.464,41.3296
29.472,41.346
29.48,41.2967
29.488,41.3296
29.496,41.3296
29.504,41.3131
29.512,41.3296
29.52,41.2967
29.528,41.3131
29.536,41.3131
29.544,41.3789
29.552,41.5598
29.56,41.5598
29.568,41.5105
29.576,42.5436
29.584,42.4454
29.592,42.4782
29.6,43.3437
29.608,44.3679
29.616,44.3842
29.624,44.449
29.632,45.3062
29.64,45.6932
29.648,46.2561
29.656,46.3043
29.664,46.6091
29.672,47.2811
29.68,47.2172
29.688,47.7596
29.696,48.2051
29.704,49.1717
29.712,49.1085
29.72,49.1085
29.728,50.0387
29.736,50.7917
29.744,51.0107
29.752,51.0107
29.76,51.806
29.768,51.9459
29.776,52.8139
29.784,52.8602
29.792,52.8448
29.8,53.7384
29.808,53.7691
29.816,54.4129
29.824,54.7184
29.832,55.5099
29.84,55.5857
29.848,55.904
29.856,56.4328
29.864,57.3046
29.872,57.3346
29.88,57.2746
29.888,58.1709
29.896,58.1857
29.904,58.2006
29.912,59.0906
29.92,59.945
29.928,60.0184
29.936,59.9157
29.944,60.8666
29.952,60.7791
29.96,61.7377
29.968,61.6509
29.976,61.7377
29.984,62.4588
29.992,62.5594
30.0,62.5163
30.008,63.3894
30.016,64.1709
30.024,64.2417
30.032,64.185
30.04,65.0451
30.048,65.6891
30.056,65.8704
30.064,65.8564
30.072,66.7305
30.08,66.6614
30.088,66.689
30.096,67.501
30.104,68.2111
30.112,68.3335
30.12,68.3063
30.128,69.1182
30.136,69.0913
30.144,69.9764
30.152,69.9097
30.16,69.9764
30.168,70.6677
30.176,70.7471
30.184,70.6147
30.192,71.5503
30.2,71.4716
30.208,72.3329
30.216,72.229
30.224,72.3069
30.232,72.9922
30.24,73.812
30.248,73.71
30.256,73.8247
30.264,74.497
30.272,74.5979
30.28,74.5348
30.288,75.3132
30.296,75.3132
30.304,76.0834
30.312,76.0216
30.32,76.0957
30.328,76.7841
30.336,77.514
30.344,77.4898
30.352,77.5623
30.36,78.188
30.368,78.2838
30.376,78.8907
30.384,78.938
30.392,79.245
30.4,79.2096
30.408,78.8433
30.416,79.5035
30.424,79.5152
30.432,79.5269
30.44,79.5387
30.448,79.5387
30.456,80.2493
30.464,80.1798
30.472,80.1566
30.48,80.8484
30.488,80.8599
30.496,80.8484
30.504,80.8484
30.512,80.814
30.52,80.837
30.528,80.8484
30.536,80.8484
30.544,80.814
30.552,80.8484
30.56,80.837
30.568,80.8255
30.576,80.837
30.584,80.8828
30.592,80.837
30.6,80.8255
30.608,80.8255
30.616,80.837
30.624,80.8255
30.632,80.8599
30.64,80.814
30.648,80.8484
30.656,80.8599
30.664,80.8255
30.672,80.8255
30.68,80.814
30.688,80.8714
30.696,80.8599
30.704,80.814
30.712,80.8255
30.72,80.837
30.728,80.837
30.736,80.814
30.744,80.8255
30.752,80.814
30.76,80.8484
30.768,80.837
30.776,80.8484
30.784,80.8484
30.792,80.8828
30.8,81.7467
30.808,82.1065
30.816,82.3636
30.824,82.397
30.832,82.2855
30.84,83.0064
30.848,82.9403
30.856,83.0064
30.864,83.5761
30.872,84.2683
30.88,84.2468
30.888,84.2791
30.896,84.2468
30.904,84.8872
30.912,84.8766
30.92,85.3619
30.928,85.4876
30.936,85.4981
30.944,86.1523
30.952,86.1007
30.96,86.142
30.968,86.7664
30.976,87.3516
30.984,87.3316
30.992,87.9483
31.0,88.4874
31.008,88.5263
31.016,89.0285
31.024,89.1147
31.032,89.0476
31.04,89.7126
31.048,90.1892
31.056,90.2356
31.064,90.1892
31.072,90.7961
31.08,91.2844
31.088,91.3114
31.096,91.2755
31.104,91.8622
31.112,91.7741
31.12,91.871
31.128,92.2992
31.136,92.3772
31.144,92.8065
31.152,92.8746
31.16,92.798
31.168,93.3131
31.176,93.7937
31.184,93.8757
31.192,93.8757
31.2,94.2816
31.208,94.3619
31.216,94.2735
31.224,94.7993
31.232,95.1976
31.24,95.244
31.248,95.2285
31.256,95.748
31.264,96.1072
31.272,96.1886
31.28,96.1738
31.288,96.6126
31.296,96.5546
31.304,97.0486
31.312,96.9778
31.32,97.0344
31.328,97.3637
31.336,97.3845
31.344,97.3914
31.352,97.8023
31.36,98.2033
31.368,98.1967
31.376,98.2099
31.384,98.5621
31.392,98.5878
31.4,98.9627
31.408,99.0003
31.416,98.9565
31.424,99.3767
31.432,99.3157
31.44,99.3646
31.448,99.6656
31.456,99.948
31.464,99.9422
31.472,99.948
31.48,99.9597
31.488,99.9597
31.496,99.9597
31.504,100.19
31.512,100.326
31.52,100.62
31.528,100.637
31.536,101.954
31.544,100.609
31.552,100.609
